"file","bytes"
"expression-parts/rna-001.bin",47185920
"expression-parts/rna-002.bin",47185920
"expression-parts/rna-003.bin",47185920
"expression-parts/rna-004.bin",47185920
"expression-parts/rna-005.bin",47185920
"expression-parts/rna-006.bin",47185920
"expression-parts/rna-007.bin",47185920
"expression-parts/rna-008.bin",47185920
"expression-parts/rna-009.bin",47185920
"expression-parts/rna-010.bin",42662061
"sc1dimr.rds",504636
"sc1meta.rds",203528
"sc1gene.rds",138959
"shinyFunc.R",39245
"ui.R",34924
"server.R",23301
"app.R",1588
"www/custom.css",1116
"sc1conf.rds",930
"expression.dcf",373
"sc1def.rds",244
