"Package","Version","Source","Repository"
"DT","0.33","CRAN",NA
"Deriv","4.1.6","CRAN",NA
"Formula","1.2-5","CRAN",NA
"MASS","7.3-65","CRAN",NA
"Matrix","1.7-3","CRAN",NA
"MatrixModels","0.5-4","CRAN",NA
"R6","2.6.1","CRAN",NA
"RColorBrewer","1.1-3","CRAN",NA
"Rcpp","1.0.14","CRAN",NA
"RcppEigen","0.3.4.0.2","CRAN",NA
"Rdpack","2.6.4","CRAN",NA
"SparseM","1.84-2","CRAN",NA
"abind","1.4-8","CRAN",NA
"backports","1.5.0","CRAN",NA
"base64enc","0.1-3","CRAN",NA
"bit","4.6.0","CRAN",NA
"bit64","4.6.0-1","CRAN",NA
"boot","1.3-31","CRAN",NA
"broom","1.0.8","CRAN",NA
"bslib","0.9.0","CRAN",NA
"cachem","1.1.0","CRAN",NA
"car","3.1-3","CRAN",NA
"carData","3.0-5","CRAN",NA
"cli","3.6.5","CRAN",NA
"commonmark","1.9.5","CRAN",NA
"corrplot","0.95","CRAN",NA
"cowplot","1.1.3","CRAN",NA
"cpp11","0.5.2","CRAN",NA
"crayon","1.5.3","CRAN",NA
"crosstalk","1.2.1","CRAN",NA
"data.table","1.17.6","CRAN",NA
"digest","0.6.37","CRAN",NA
"doBy","4.6.27","CRAN",NA
"dplyr","1.1.4","CRAN",NA
"evaluate","1.0.4","CRAN",NA
"farver","2.1.2","CRAN",NA
"fastmap","1.2.0","CRAN",NA
"fontawesome","0.5.3","CRAN",NA
"fs","1.6.6","CRAN",NA
"generics","0.1.4","CRAN",NA
"ggdendro","0.2.0","CRAN",NA
"ggplot2","3.5.2","CRAN",NA
"ggpubr","0.6.0","CRAN",NA
"ggrepel","0.9.6","CRAN",NA
"ggsci","3.2.0","CRAN",NA
"ggsignif","0.6.4","CRAN",NA
"glue","1.8.0","CRAN",NA
"gridExtra","2.3","CRAN",NA
"gtable","0.3.6","CRAN",NA
"hdf5r","1.3.12","CRAN",NA
"highr","0.11","CRAN",NA
"htmltools","0.5.8.1","CRAN",NA
"htmlwidgets","1.6.4","CRAN",NA
"httpuv","1.6.16","CRAN",NA
"isoband","0.2.7","CRAN",NA
"jquerylib","0.1.4","CRAN",NA
"jsonlite","2.0.0","CRAN",NA
"knitr","1.50","CRAN",NA
"labeling","0.4.3","CRAN",NA
"later","1.4.2","CRAN",NA
"lattice","0.22-7","CRAN",NA
"lazyeval","0.2.2","CRAN",NA
"lifecycle","1.0.4","CRAN",NA
"litedown","0.7","CRAN",NA
"lme4","1.1-37","CRAN",NA
"magrittr","2.0.3","CRAN",NA
"markdown","2.0","CRAN",NA
"memoise","2.0.1","CRAN",NA
"mgcv","1.9-3","CRAN",NA
"microbenchmark","1.5.0","CRAN",NA
"mime","0.13","CRAN",NA
"minqa","1.2.8","CRAN",NA
"modelr","0.1.11","CRAN",NA
"nlme","3.1-168","CRAN",NA
"nloptr","2.2.1","CRAN",NA
"nnet","7.3-20","CRAN",NA
"numDeriv","2016.8-1.1","CRAN",NA
"pbkrtest","0.5.4","CRAN",NA
"pillar","1.10.2","CRAN",NA
"pkgconfig","2.0.3","CRAN",NA
"polynom","1.4-1","CRAN",NA
"promises","1.3.3","CRAN",NA
"purrr","1.0.4","CRAN",NA
"quantreg","6.1","CRAN",NA
"rappdirs","0.3.3","CRAN",NA
"rbibutils","2.3","CRAN",NA
"reformulas","0.4.1","CRAN",NA
"rlang","1.1.6","CRAN",NA
"rmarkdown","2.29","CRAN",NA
"rstatix","0.7.2","CRAN",NA
"sass","0.4.10","CRAN",NA
"scales","1.4.0","CRAN",NA
"shiny","1.10.0","CRAN",NA
"shinyhelper","0.3.2","CRAN",NA
"sourcetools","0.1.7-1","CRAN",NA
"stringi","1.8.7","CRAN",NA
"stringr","1.5.1","CRAN",NA
"survival","3.8-3","CRAN",NA
"tibble","3.3.0","CRAN",NA
"tidyr","1.3.1","CRAN",NA
"tidyselect","1.2.1","CRAN",NA
"tinytex","0.57","CRAN",NA
"utf8","1.2.6","CRAN",NA
"vctrs","0.6.5","CRAN",NA
"viridisLite","0.4.2","CRAN",NA
"withr","3.0.2","CRAN",NA
"xfun","0.52","CRAN",NA
"xtable","1.8-4","CRAN",NA
"yaml","2.3.10","CRAN",NA
